Total % of people infected,% of people infected at peak
33.5,4.12
33.85,4.31
32.730000000000004,3.32
31.479999999999997,3.49
34.68,4.93
32.67,4.18
37.56,5.16
32.65,3.3300000000000005
33.36,3.63
34.91,4.78
