Total % of people infected,% of people infected at peak
9.520000000000003,0.88
7.210000000000001,0.6
10.440000000000001,1.03
0.8000000000000007,0.12
8.59,0.8200000000000001
0.2699999999999996,0.09
4.57,0.37
0.8900000000000006,0.13
4.560000000000002,0.49
11.45,0.98
