Total % of people infected,% of people infected at peak
0.010000000000005116,0.01
0.04999999999999716,0.03
0.030000000000001137,0.03
0.0,0.01
0.030000000000001137,0.03
0.04000000000000625,0.04
0.010000000000005116,0.01
0.04000000000000625,0.03
0.06999999999999318,0.06
0.030000000000001137,0.03
